time;cpu_percent;memory_percent
0;0.0;0.9328328400298779
1;0.0;0.9328328400298779
2;3.0;0.9520556973553344
3;5.0;0.9817138200860385
4;2.0;0.9850091670561167
5;0.0;0.9850091670561167
6;0.0;0.9850091670561167
7;0.0;0.9850091670561167
8;0.0;0.9850091670561167
9;4.0;0.9870063470379824
10;25.0;1.0067284993589052
11;18.0;1.0091750448366905
12;33.9;1.0091750448366905
13;32.9;1.0091750448366905
14;29.0;1.0091750448366905
15;33.9;1.0354878910977698
16;31.9;1.0354878910977698
17;32.9;1.0354878910977698
18;32.9;1.0354878910977698
19;29.9;1.0354878910977698
20;41.9;1.2785946243903608
22;99.9;2.265600971428343
23;99.9;2.4657683351108237
24;99.9;2.801044924566512
25;99.9;2.9196774154893292
26;99.9;2.9196774154893292
27;100.9;2.9196774154893292
28;99.9;3.0258774610250327
29;98.9;3.1320775065607362
30;99.9;3.1320775065607362
31;101.0;3.466405435525038
32;99.9;3.466405435525038
33;99.9;3.514737191086186
34;99.9;3.6332698230099103
35;99.9;3.6332698230099103
36;99.9;3.6332698230099103
37;99.9;3.6332698230099103
38;99.9;3.6332698230099103
39;99.9;3.7394698685456134
40;100.9;3.7394698685456134
41;99.9;3.7394698685456134
42;99.9;3.845669914081317
43;99.9;3.845669914081317
44;99.9;3.845669914081317
45;99.9;3.955165306587099
46;100.9;3.955165306587099
47;99.9;3.955165306587099
48;99.9;4.061365352122802
49;100.9;4.061365352122802
50;99.9;4.061365352122802
51;99.9;4.061365352122802
52;99.9;4.170011943136291
53;99.9;4.170011943136291
54;99.9;4.170011943136291
55;99.9;4.531551449353513
56;99.9;4.647637535799451
57;99.9;4.647637535799451
58;99.9;4.647637535799451
59;99.9;4.647637535799451
60;99.9;4.647637535799451
61;100.9;4.647637535799451
62;99.9;4.647637535799451
63;99.9;4.647637535799451
64;99.9;4.647637535799451
65;100.9;4.6962189388583315
66;99.9;4.814751570782056
67;99.9;4.814751570782056
68;99.9;4.814751570782056
69;99.9;4.814751570782056
70;99.9;4.814751570782056
71;99.8;4.924246963287838
72;99.9;4.924246963287838
73;99.9;4.924246963287838
74;99.9;4.924246963287838
75;99.9;4.924246963287838
76;100.9;5.030447008823541
77;99.9;5.030447008823541
78;99.9;5.030447008823541
79;99.9;5.030447008823541
80;99.9;5.030447008823541
81;99.9;5.076581866404636
82;99.9;5.19511449832836
83;99.9;5.19511449832836
84;99.9;5.19511449832836
85;100.9;5.19511449832836
86;99.9;5.19511449832836
87;99.9;5.198409845298438
88;100.9;5.304609890834143
89;99.9;5.304609890834143
90;99.9;5.304609890834143
91;99.9;5.304609890834143
92;99.9;5.304609890834143
93;99.9;5.304609890834143
94;99.9;5.469277380338961
95;99.9;5.469277380338961
96;99.9;5.469277380338961
97;100.9;5.469277380338961
98;99.9;5.469277380338961
99;99.9;5.469277380338961
100;99.9;5.469277380338961
101;99.8;5.636391415321565
102;99.9;5.636391415321565
103;99.9;5.636391415321565
104;99.9;5.636391415321565
105;99.9;5.636391415321565
106;99.9;5.636391415321565
107;99.9;5.636391415321565
108;100.9;5.745886807827348
109;99.9;5.745886807827348
110;99.9;5.745886807827348
111;100.9;5.745886807827348
112;99.9;5.745886807827348
113;99.9;5.745886807827348
114;99.9;5.745886807827348
115;100.9;5.852086853363051
116;99.9;5.852086853363051
117;99.9;5.852086853363051
118;99.9;5.852086853363051
119;99.9;5.852086853363051
120;99.9;5.852086853363051
121;99.9;5.852086853363051
122;99.9;5.958286898898755
123;99.9;5.958286898898755
124;99.9;5.958286898898755
125;99.9;5.958286898898755
126;99.9;5.958286898898755
127;100.9;5.958286898898755
128;98.9;5.958286898898755
129;99.9;6.066933489912244
130;100.9;6.066933489912244
131;99.9;6.066933489912244
132;99.9;6.066933489912244
133;99.9;6.066933489912244
134;99.9;6.066933489912244
135;100.9;6.066933489912244
136;99.8;6.173133535447947
137;99.9;6.173133535447947
138;99.9;6.173133535447947
139;100.9;6.173133535447947
140;99.9;6.173133535447947
141;99.9;6.173133535447947
142;99.9;6.173133535447947
143;99.9;6.173133535447947
144;99.9;6.279333580983651
145;99.9;6.279333580983651
146;99.9;6.279333580983651
147;99.9;6.279333580983651
148;100.9;6.279333580983651
149;99.9;6.279333580983651
150;99.9;6.279333580983651
151;99.9;6.388828973489432
152;99.9;6.388828973489432
153;99.9;6.388828973489432
154;100.9;6.388828973489432
155;99.9;6.388828973489432
156;99.9;6.388828973489432
157;99.9;6.388828973489432
158;99.9;6.388828973489432
159;99.9;6.495029019025137
160;99.9;6.495029019025137
161;99.9;6.495029019025137
162;99.9;6.495029019025137
163;100.9;6.495029019025137
164;99.9;6.495029019025137
165;99.9;6.495029019025137
166;100.9;6.495029019025137
167;98.9;6.495029019025137
168;99.9;6.6036256805390785
169;100.9;6.6036256805390785
170;99.9;6.6036256805390785
171;99.9;6.6036256805390785
172;99.9;6.6036256805390785
173;99.9;6.6036256805390785
174;99.9;6.6036256805390785
175;99.9;6.6036256805390785
176;99.9;6.709825726074782
177;99.9;6.709825726074782
178;99.9;6.709825726074782
179;99.9;6.709825726074782
180;99.9;6.709825726074782
181;100.9;6.709825726074782
182;99.9;6.709825726074782
183;99.9;6.709825726074782
184;99.9;6.709825726074782
185;99.9;6.8160257716104855
186;99.9;6.8160257716104855
187;100.9;6.8160257716104855
188;99.9;6.8160257716104855
189;99.9;6.8160257716104855
190;99.9;6.8160257716104855
191;99.9;6.8160257716104855
192;99.9;6.8160257716104855
193;100.9;6.8160257716104855
194;99.9;6.925521164116268
195;99.9;6.925521164116268
196;99.9;6.925521164116268
197;99.9;6.925521164116268
198;99.9;6.925521164116268
199;100.9;6.925521164116268
200;99.9;6.925521164116268
201;99.9;6.925521164116268
202;99.9;6.925521164116268
203;99.9;7.0317212096519714
204;99.8;7.0317212096519714
205;100.9;7.0317212096519714
206;99.9;7.0317212096519714
207;99.9;7.0317212096519714
208;99.9;7.0317212096519714
209;99.9;7.0317212096519714
210;99.9;7.0317212096519714
211;100.9;7.0317212096519714
212;98.9;7.198835244634576
213;99.9;7.198835244634576
214;100.9;7.198835244634576
215;99.9;7.198835244634576
216;99.9;7.198835244634576
217;99.9;7.198835244634576
218;99.9;7.198835244634576
219;99.9;7.198835244634576
220;99.9;7.198835244634576
221;99.9;7.198835244634576
222;100.9;7.198835244634576
223;99.9;7.305035290170279
224;99.9;7.305035290170279
225;99.9;7.305035290170279
226;100.9;7.305035290170279
227;99.9;7.305035290170279
228;99.9;7.305035290170279
229;99.9;7.305035290170279
230;99.9;7.305035290170279
231;99.9;7.305035290170279
232;100.9;7.305035290170279
233;99.8;7.4112353357059835
234;99.9;7.4112353357059835
235;99.9;7.4112353357059835
236;99.9;7.4112353357059835
237;99.9;7.4112353357059835
238;99.9;7.4112353357059835
239;99.9;7.4112353357059835
240;99.9;7.4112353357059835
241;100.9;7.4112353357059835
242;99.9;7.4112353357059835
243;99.9;7.520730728211765
244;99.9;7.520730728211765
245;99.9;7.520730728211765
246;99.9;7.520730728211765
247;99.9;7.520730728211765
248;99.9;7.520730728211765
249;99.9;7.520730728211765
250;100.9;7.520730728211765
251;99.9;7.520730728211765
252;99.9;7.520730728211765
253;99.9;7.6262816902533626
254;99.9;7.6262816902533626
255;99.9;7.6262816902533626
256;99.9;7.6262816902533626
257;99.9;7.6262816902533626
258;99.9;7.6262816902533626
259;100.9;7.6262816902533626
260;99.9;7.6262816902533626
261;99.9;7.6262816902533626
262;99.9;7.6262816902533626
263;100.9;7.6262816902533626
264;99.9;7.735577364760958
265;99.9;7.735577364760958
266;99.9;7.735577364760958
267;99.9;7.735577364760958
268;99.9;7.735577364760958
269;99.9;7.735577364760958
270;99.9;7.735577364760958
271;100.9;7.735577364760958
272;99.9;7.735577364760958
273;99.9;7.735577364760958
274;99.9;7.950424001310149
275;99.9;8.068956633233874
276;99.9;8.068956633233874
277;100.9;8.068956633233874
278;99.9;8.068956633233874
279;99.9;8.068956633233874
280;99.9;8.068956633233874
281;99.9;8.068956633233874
282;99.9;8.068956633233874
283;100.9;8.068956633233874
284;99.9;8.068956633233874
285;99.9;8.068956633233874
286;99.9;8.068956633233874
287;99.9;8.068956633233874
288;99.9;8.068956633233874
289;99.9;8.068956633233874
290;99.9;8.068956633233874
291;99.9;8.068956633233874
292;100.9;8.068956633233874
293;99.9;8.068956633233874
294;99.9;8.068956633233874
295;99.9;8.068956633233874
296;99.9;8.068956633233874
297;99.9;8.114242689322676
298;100.9;8.233624122738693
299;99.9;8.233624122738693
300;99.9;8.233624122738693
301;99.9;8.233624122738693
302;99.9;8.233624122738693
303;99.9;8.233624122738693
304;99.9;8.233624122738693
305;99.9;8.233624122738693
306;99.9;8.233624122738693
307;100.9;8.233624122738693
308;99.9;8.233624122738693
309;99.9;8.233624122738693
310;99.9;8.339824168274397
311;99.9;8.339824168274397
312;99.9;8.339824168274397
313;100.9;8.339824168274397
314;99.9;8.339824168274397
315;99.9;8.339824168274397
316;99.9;8.339824168274397
317;99.9;8.339824168274397
318;99.9;8.339824168274397
319;100.9;8.339824168274397
320;99.9;8.339824168274397
321;99.9;8.339824168274397
322;99.9;8.448470759287884
323;99.9;8.448470759287884
324;99.9;8.448470759287884
325;99.9;8.448470759287884
326;99.9;8.448470759287884
327;99.9;8.448470759287884
328;99.9;8.448470759287884
329;99.9;8.448470759287884
330;99.9;8.448470759287884
331;100.9;8.448470759287884
332;99.9;8.448470759287884
333;98.9;8.448470759287884
334;100.9;8.554670804823589
335;99.9;8.554670804823589
336;99.9;8.554670804823589
337;100.9;8.554670804823589
338;99.9;8.554670804823589
339;99.9;8.554670804823589
340;99.9;8.554670804823589
341;99.9;8.554670804823589
342;99.9;8.554670804823589
343;100.9;8.554670804823589
344;99.9;8.554670804823589
345;99.9;8.554670804823589
346;99.9;8.888050073296505
347;99.9;8.888050073296505
348;99.9;8.888050073296505
349;99.9;8.888050073296505
350;99.9;8.888050073296505
351;99.9;8.888050073296505
352;100.9;8.888050073296505
353;99.9;8.888050073296505
354;99.9;8.888050073296505
355;99.9;8.888050073296505
356;99.9;8.888050073296505
357;99.9;8.888050073296505
358;99.9;8.888050073296505
359;100.9;8.888050073296505
360;99.9;8.888050073296505
361;99.9;8.888050073296505
362;99.9;8.888050073296505
363;99.9;8.888050073296505
364;99.9;8.888050073296505
365;99.9;8.888050073296505
366;99.9;8.888050073296505
367;100.9;8.888050073296505
368;99.9;8.888050073296505
369;99.9;8.888050073296505
370;99.9;8.888050073296505
371;99.9;8.888050073296505
372;100.9;8.888050073296505
373;98.9;8.994250118832209
374;99.9;8.994250118832209
375;99.9;8.994250118832209
376;100.9;8.994250118832209
377;99.9;8.994250118832209
378;99.9;8.994250118832209
379;99.9;8.994250118832209
380;99.9;8.994250118832209
381;99.9;8.994250118832209
382;100.9;8.994250118832209
383;99.9;8.994250118832209
384;99.9;8.994250118832209
385;99.9;9.10374551133799
386;99.9;9.10374551133799
387;99.9;9.10374551133799
388;99.9;9.10374551133799
389;99.9;9.10374551133799
390;99.9;9.10374551133799
391;100.9;9.10374551133799
392;99.9;9.10374551133799
393;99.9;9.10374551133799
394;99.9;9.10374551133799
395;99.9;9.10374551133799
396;99.9;9.10374551133799
397;100.9;9.10374551133799
398;99.9;9.209945556873695
399;99.9;9.209945556873695
400;99.9;9.209945556873695
401;99.9;9.209945556873695
402;99.9;9.209945556873695
403;99.9;9.209945556873695
404;99.9;9.209945556873695
405;99.9;9.209945556873695
406;100.9;9.209945556873695
407;99.9;9.209945556873695
408;99.9;9.209945556873695
409;99.9;9.209945556873695
410;99.9;9.209945556873695
411;99.9;9.209945556873695
412;100.9;9.318592147887184
413;99.9;9.318592147887184
414;99.9;9.318592147887184
415;99.9;9.318592147887184
416;99.9;9.318592147887184
417;99.9;9.318592147887184
418;99.9;9.318592147887184
419;99.9;9.318592147887184
420;99.9;9.318592147887184
421;100.9;9.318592147887184
422;99.9;9.318592147887184
423;99.9;9.318592147887184
424;99.9;9.318592147887184
425;99.9;9.424792193422887
426;99.9;9.424792193422887
427;100.9;9.424792193422887
428;99.9;9.424792193422887
429;99.9;9.424792193422887
430;99.9;9.424792193422887
431;99.9;9.424792193422887
432;99.9;9.424792193422887
433;99.9;9.424792193422887
434;99.9;9.424792193422887
435;100.9;9.424792193422887
436;99.9;9.424792193422887
437;99.9;9.424792193422887
438;99.9;9.424792193422887
439;99.9;9.530992238958591
440;99.9;9.530992238958591
441;99.9;9.530992238958591
442;100.9;9.530992238958591
443;99.9;9.530992238958591
444;99.9;9.530992238958591
445;99.9;9.530992238958591
446;99.9;9.530992238958591
447;99.9;9.530992238958591
448;99.9;9.530992238958591
449;99.9;9.530992238958591
450;99.9;9.530992238958591
451;99.9;9.530992238958591
452;99.9;9.530992238958591
453;100.9;9.63888988747888
454;100.9;9.63888988747888
455;99.9;9.63888988747888
456;99.9;9.63888988747888
457;99.9;9.63888988747888
458;99.9;9.63888988747888
459;99.9;9.63888988747888
460;99.9;9.63888988747888
461;99.9;9.63888988747888
462;99.9;9.63888988747888
463;100.9;9.63888988747888
464;99.9;9.63888988747888
465;99.9;9.63888988747888
466;99.9;9.63888988747888
467;99.9;9.744340990521385
468;99.9;9.744340990521385
469;99.9;9.744340990521385
470;99.9;9.744340990521385
471;99.9;9.744340990521385
472;100.9;9.744340990521385
473;99.9;9.744340990521385
474;99.9;9.744340990521385
475;99.9;9.744340990521385
476;99.9;9.744340990521385
477;99.9;9.744340990521385
478;100.9;9.744340990521385
479;99.9;9.744340990521385
480;99.9;9.744340990521385
481;99.9;9.961833890546549
482;99.9;10.077171034499287
483;99.9;10.077171034499287
484;99.9;10.077171034499287
485;99.9;10.077171034499287
486;99.9;10.077171034499287
487;100.9;10.077171034499287
488;99.9;10.077171034499287
489;99.9;10.080466381469364
490;99.9;10.080466381469364
491;99.9;10.080466381469364
492;99.9;10.080466381469364
493;100.9;10.080466381469364
494;99.9;10.080466381469364
495;99.9;10.080466381469364
496;99.9;10.080466381469364
497;99.9;10.080466381469364
498;99.9;10.080466381469364
499;99.9;10.080466381469364
500;99.9;10.080466381469364
501;99.9;10.080466381469364
502;100.9;10.080466381469364
503;99.9;10.080466381469364
504;99.9;10.080466381469364
505;99.9;10.080466381469364
506;99.9;10.080466381469364
507;99.9;10.080466381469364
508;99.9;10.080466381469364
509;99.9;10.080466381469364
510;99.9;10.080466381469364
511;100.9;10.080466381469364
512;99.9;10.36706170886708
513;99.9;10.485694199789897
514;99.9;10.485694199789897
515;99.9;10.485694199789897
516;99.9;10.485694199789897
517;100.9;10.485694199789897
518;99.9;10.485694199789897
519;99.9;10.485694199789897
520;99.9;10.485694199789897
521;99.9;10.485694199789897
522;99.9;10.485694199789897
523;99.9;10.485694199789897
524;99.9;10.485694199789897
525;99.9;10.485694199789897
526;100.9;10.485694199789897
527;99.9;10.485694199789897
528;99.9;10.485694199789897
529;99.9;10.485694199789897
530;99.9;10.485694199789897
531;99.9;10.485694199789897
532;100.9;10.485694199789897
533;99.9;10.485694199789897
534;99.9;10.485694199789897
535;99.9;10.485694199789897
536;99.9;10.485694199789897
537;99.9;10.485694199789897
538;99.9;10.485694199789897
539;99.9;10.485694199789897
540;99.9;10.485694199789897
541;100.9;10.485694199789897
542;99.9;10.485694199789897
543;99.9;10.485694199789897
544;99.9;10.699442387349062
545;99.9;10.81807487827188
546;99.9;10.81807487827188
547;100.9;10.81807487827188
548;99.9;10.81807487827188
549;99.9;10.81807487827188
550;99.9;10.81807487827188
551;99.9;10.81807487827188
552;99.9;10.81807487827188
553;100.9;10.81807487827188
554;99.9;10.81807487827188
555;99.9;10.81807487827188
556;99.9;10.81807487827188
557;99.9;10.81807487827188
558;99.9;10.81807487827188
559;99.9;10.81807487827188
560;99.9;10.81807487827188
561;99.9;10.81807487827188
562;100.9;10.985887926248138
563;99.9;10.985887926248138
564;99.9;10.985887926248138
565;99.9;10.985887926248138
566;99.9;10.985887926248138
567;99.9;10.985887926248138
568;99.9;10.985887926248138
569;99.9;10.985887926248138
570;99.9;10.985887926248138
571;100.9;10.985887926248138
572;99.9;10.985887926248138
573;99.9;10.985887926248138
574;99.9;10.985887926248138
575;99.9;10.985887926248138
576;99.9;10.985887926248138
577;100.9;10.985887926248138
578;99.9;10.985887926248138
579;98.9;10.985887926248138
580;100.9;10.985887926248138
581;99.9;10.985887926248138
582;99.9;10.985887926248138
583;99.9;10.985887926248138
584;99.9;10.985887926248138
585;99.9;10.985887926248138
586;100.9;10.985887926248138
587;99.9;10.985887926248138
588;99.9;10.985887926248138
589;99.9;10.985887926248138
590;99.9;10.985887926248138
591;99.9;10.985887926248138
592;99.9;10.985887926248138
593;99.9;10.985887926248138
594;99.9;10.985887926248138
595;100.9;10.985887926248138
596;99.9;11.091339029290642
597;99.9;11.091339029290642
598;99.9;11.091339029290642
599;99.9;11.091339029290642
600;99.9;11.091339029290642
601;100.9;11.091339029290642
602;99.9;11.091339029290642
603;99.9;11.091339029290642
604;99.9;11.091339029290642
605;99.9;11.091339029290642
606;99.9;11.091339029290642
607;100.9;11.091339029290642
608;99.9;11.091339029290642
609;99.9;11.091339029290642
610;99.9;11.091339029290642
611;99.9;11.091339029290642
612;99.9;11.19923667781093
613;100.9;11.19923667781093
614;99.9;11.19923667781093
615;99.9;11.19923667781093
616;99.9;11.19923667781093
617;99.9;11.19923667781093
618;99.9;11.19923667781093
619;100.9;11.19923667781093
620;99.9;11.19923667781093
621;99.9;11.19923667781093
622;99.9;11.19923667781093
623;99.9;11.19923667781093
624;99.9;11.19923667781093
625;99.9;11.19923667781093
626;99.9;11.19923667781093
627;99.9;11.19923667781093
628;100.9;11.19923667781093
629;99.9;11.307983127823514
630;99.9;11.307983127823514
631;99.9;11.307983127823514
632;99.9;11.307983127823514
633;99.9;11.307983127823514
634;99.9;11.307983127823514
635;99.9;11.307983127823514
636;99.9;11.307983127823514
637;100.9;11.307983127823514
638;99.9;11.307983127823514
639;99.9;11.307983127823514
640;99.9;11.307983127823514
641;99.9;11.307983127823514
642;99.9;11.307983127823514
643;100.9;11.307983127823514
644;99.9;11.307983127823514
645;98.9;11.413434230866017
646;99.9;11.413434230866017
647;100.9;11.413434230866017
648;99.9;11.413434230866017
649;99.9;11.413434230866017
650;99.9;11.413434230866017
651;99.9;11.413434230866017
652;99.9;11.413434230866017
653;100.9;11.413434230866017
654;99.9;11.413434230866017
655;99.9;11.413434230866017
656;99.9;11.413434230866017
657;99.9;11.413434230866017
658;99.9;11.413434230866017
659;99.9;11.413434230866017
660;99.9;11.413434230866017
661;99.9;11.413434230866017
662;99.9;11.522180680878598
663;99.9;11.522180680878598
664;99.9;11.522180680878598
665;100.9;11.522180680878598
666;99.9;11.522180680878598
667;99.9;11.522180680878598
668;99.9;11.522180680878598
669;99.9;11.522180680878598
670;99.9;11.522180680878598
671;100.9;11.522180680878598
672;99.9;11.522180680878598
673;99.9;11.522180680878598
674;99.9;11.522180680878598
675;99.9;11.522180680878598
676;99.9;11.522180680878598
677;99.9;11.522180680878598
678;99.9;11.522180680878598
679;99.9;11.522180680878598
680;100.9;11.627631783921103
681;99.9;11.627631783921103
682;99.9;11.627631783921103
683;99.9;11.627631783921103
684;99.9;11.627631783921103
685;100.9;11.627631783921103
686;99.9;11.627631783921103
687;99.9;11.627631783921103
688;99.9;11.627631783921103
689;99.9;11.627631783921103
690;99.9;11.627631783921103
691;99.9;11.627631783921103
692;100.9;11.627631783921103
693;99.9;11.627631783921103
694;99.9;11.627631783921103
695;99.9;11.627631783921103
696;99.9;11.627631783921103
697;99.9;11.960312039400367
698;99.9;11.960312039400367
699;99.9;11.960312039400367
700;99.9;11.960312039400367
701;100.9;11.960312039400367
702;99.9;11.960312039400367
703;99.9;11.960312039400367
704;99.9;11.960312039400367
705;99.9;11.960312039400367
706;99.9;11.960312039400367
707;99.9;11.960312039400367
708;100.9;11.960312039400367
709;99.9;11.960312039400367
710;99.9;11.960312039400367
711;99.9;11.960312039400367
712;99.9;11.960312039400367
713;99.9;11.960312039400367
714;99.9;11.960312039400367
715;100.9;11.960312039400367
716;99.9;11.960312039400367
717;100.0;11.960312039400367
718;99.9;11.960312039400367
719;99.9;11.960312039400367
720;99.9;11.960312039400367
721;99.9;11.960312039400367
722;99.9;11.960312039400367
723;100.9;11.960312039400367
724;99.9;11.960312039400367
725;99.9;11.960312039400367
726;99.9;11.960312039400367
727;99.9;11.960312039400367
728;99.9;11.960312039400367
729;100.9;11.960312039400367
730;99.9;11.960312039400367
731;99.9;11.960312039400367
732;99.9;11.960312039400367
733;99.9;11.960312039400367
734;99.9;11.960312039400367
735;99.9;12.069058489412948
736;99.9;12.069058489412948
737;99.9;12.069058489412948
738;100.9;12.069058489412948
739;99.9;12.069058489412948
740;99.9;12.069058489412948
741;99.9;12.069058489412948
742;99.9;12.069058489412948
743;99.9;12.069058489412948
744;100.9;12.069058489412948
745;99.9;12.069058489412948
746;99.9;12.069058489412948
747;99.9;12.069058489412948
748;99.9;12.069058489412948
749;99.9;12.069058489412948
750;99.9;12.069058489412948
751;99.9;12.069058489412948
752;100.9;12.069058489412948
753;98.9;12.401888533390853
754;99.9;12.401888533390853
755;99.9;12.401888533390853
756;100.9;12.401888533390853
757;99.9;12.401888533390853
758;99.9;12.401888533390853
759;99.9;12.401888533390853
760;99.9;12.401888533390853
761;99.9;12.401888533390853
762;100.9;12.401888533390853
763;99.9;12.401888533390853
764;99.9;12.401888533390853
765;99.9;12.401888533390853
766;99.9;12.401888533390853
767;99.9;12.401888533390853
768;99.9;12.401888533390853
769;99.9;12.401888533390853
770;99.9;12.401888533390853
771;100.9;12.401888533390853
772;99.9;12.401888533390853
773;99.9;12.401888533390853
774;99.9;12.401888533390853
775;99.9;12.401888533390853
776;99.9;12.401888533390853
777;100.9;12.401888533390853
778;99.9;12.401888533390853
779;99.9;12.401888533390853
780;99.9;12.401888533390853
781;99.9;12.401888533390853
782;99.9;12.401888533390853
783;99.9;12.401888533390853
784;99.9;12.401888533390853
785;99.9;12.401888533390853
786;100.9;12.401888533390853
787;99.9;12.401888533390853
788;99.9;12.401888533390853
789;99.9;12.401888533390853
790;99.9;12.401888533390853
791;100.9;12.401888533390853
792;99.9;12.510285476906608
793;99.9;12.510285476906608
794;99.9;12.510285476906608
795;99.9;12.510285476906608
796;99.9;12.510285476906608
797;99.9;12.510285476906608
798;100.9;12.510285476906608
799;99.9;12.510285476906608
800;99.9;12.510285476906608
801;99.9;12.510285476906608
802;99.9;12.510285476906608
803;99.9;12.510285476906608
804;100.9;12.510285476906608
805;99.9;12.510285476906608
806;99.9;12.510285476906608
807;99.9;12.510285476906608
808;99.9;12.510285476906608
809;99.9;12.510285476906608
810;100.9;12.510285476906608
811;98.9;12.615736579949111
812;99.9;12.615736579949111
813;100.9;12.615736579949111
814;99.9;12.615736579949111
815;99.9;12.615736579949111
816;99.9;12.615736579949111
817;99.9;12.615736579949111
818;99.9;12.615736579949111
819;100.9;12.615736579949111
820;99.9;12.615736579949111
821;99.9;12.615736579949111
822;99.9;12.615736579949111
823;99.9;12.615736579949111
824;99.9;12.615736579949111
825;100.9;12.615736579949111
826;99.9;12.615736579949111
827;99.9;12.615736579949111
828;99.9;12.615736579949111
829;99.9;12.615736579949111
830;98.9;12.724233382463963
831;100.9;12.724233382463963
832;99.9;12.724233382463963
833;99.9;12.724233382463963
834;99.9;12.724233382463963
835;99.9;12.724233382463963
836;99.9;12.724233382463963
837;100.9;12.724233382463963
838;99.9;12.724233382463963
839;99.9;12.724233382463963
840;99.9;12.724233382463963
841;99.9;12.724233382463963
842;99.9;12.724233382463963
843;100.9;12.724233382463963
844;99.9;12.724233382463963
845;99.9;12.724233382463963
846;100.9;12.724233382463963
847;99.9;12.724233382463963
848;99.9;12.724233382463963
849;99.9;12.829684485506466
850;99.9;12.829684485506466
851;99.9;12.829684485506466
852;99.9;12.829684485506466
853;99.9;12.829684485506466
854;99.9;12.829684485506466
855;99.9;12.829684485506466
856;99.9;12.829684485506466
857;99.9;12.829684485506466
858;100.9;12.829684485506466
859;99.9;12.829684485506466
860;99.9;12.829684485506466
861;99.9;12.829684485506466
862;99.9;12.829684485506466
863;99.9;12.829684485506466
864;100.9;12.829684485506466
865;99.9;12.829684485506466
866;99.9;12.829684485506466
867;99.9;12.829684485506466
868;99.9;12.829684485506466
869;99.9;13.162514529484367
870;100.8;13.162514529484367
871;99.9;13.162514529484367
872;99.9;13.162514529484367
873;99.9;13.162514529484367
874;99.9;13.162514529484367
875;100.9;13.162514529484367
876;99.9;13.162514529484367
877;99.9;13.162514529484367
878;99.9;13.162514529484367
879;99.9;13.162514529484367
880;99.9;13.162514529484367
881;99.9;13.162514529484367
882;99.9;13.162514529484367
883;99.9;13.162514529484367
884;100.9;13.162514529484367
885;99.9;13.162514529484367
886;99.9;13.162514529484367
887;99.9;13.162514529484367
888;99.9;13.162514529484367
889;99.9;13.162514529484367
890;99.9;13.211894804535994
891;100.9;13.330527295458813
892;99.9;13.330527295458813
893;99.9;13.330527295458813
894;99.9;13.330527295458813
895;99.9;13.330527295458813
896;99.9;13.330527295458813
897;100.9;13.330527295458813
898;99.9;13.330527295458813
899;99.9;13.330527295458813
900;99.9;13.330527295458813
901;99.9;13.330527295458813
902;99.9;13.330527295458813
903;99.9;13.330527295458813
904;99.9;13.330527295458813
905;99.9;13.330527295458813
906;100.9;13.330527295458813
907;99.9;13.330527295458813
908;99.9;13.330527295458813
909;99.9;13.330527295458813
910;99.9;13.330527295458813
911;99.9;13.330527295458813
912;99.9;13.330527295458813
913;99.9;13.495294643962724
914;100.9;13.495294643962724
915;99.9;13.495294643962724
916;99.9;13.495294643962724
917;99.9;13.495294643962724
918;99.9;13.495294643962724
919;99.9;13.495294643962724
920;100.9;13.495294643962724
921;99.9;13.495294643962724
922;99.9;13.495294643962724
923;99.9;13.495294643962724
924;99.9;13.495294643962724
925;99.9;13.495294643962724
926;99.9;13.495294643962724
927;99.9;13.495294643962724
928;99.9;13.495294643962724
929;100.9;13.495294643962724
930;99.9;13.495294643962724
931;99.9;13.495294643962724
932;99.9;13.495294643962724
933;99.9;13.495294643962724
934;99.9;13.495294643962724
935;99.9;13.663357339436716
936;99.9;13.663357339436716
937;99.9;13.663357339436716
938;100.9;13.663357339436716
939;99.9;13.663357339436716
940;99.9;13.663357339436716
941;99.9;13.663357339436716
942;99.9;13.663357339436716
943;99.9;13.663357339436716
944;99.9;13.663357339436716
945;99.9;13.663357339436716
946;99.9;13.663357339436716
947;100.9;13.663357339436716
948;99.9;13.663357339436716
949;99.9;13.663357339436716
950;99.9;13.663357339436716
951;99.9;13.663357339436716
952;99.9;13.663357339436716
953;100.9;13.663357339436716
954;99.9;13.663357339436716
955;99.9;13.663357339436716
956;99.9;13.663357339436716
957;99.9;13.663357339436716
958;100.9;13.76880844247922
959;99.9;13.76880844247922
960;99.9;13.76880844247922
961;99.9;13.76880844247922
962;99.9;13.76880844247922
963;99.9;13.76880844247922
964;99.9;13.76880844247922
965;100.9;13.76880844247922
966;99.9;13.76880844247922
967;99.9;13.76880844247922
968;99.9;13.76880844247922
969;99.9;13.76880844247922
970;99.9;13.76880844247922
971;100.9;13.76880844247922
972;99.9;13.76880844247922
973;99.9;13.76880844247922
974;99.9;13.76880844247922
975;99.9;13.76880844247922
976;99.9;13.76880844247922
977;99.9;13.76880844247922
978;99.9;13.76880844247922
979;99.9;13.76880844247922
980;99.9;13.76880844247922
981;99.9;13.76880844247922
982;99.9;13.76880844247922
983;100.9;13.76880844247922
984;99.9;13.76880844247922
985;99.9;13.76880844247922
986;100.9;13.76880844247922
987;99.9;13.76880844247922
988;99.9;13.76880844247922
989;99.9;13.76880844247922
990;99.9;13.76880844247922
991;99.9;13.76880844247922
992;99.9;13.76880844247922
993;99.9;13.76880844247922
994;99.9;13.76880844247922
995;100.9;13.76880844247922
996;99.9;13.76880844247922
997;99.9;13.76880844247922
998;99.9;13.76880844247922
999;99.9;13.772103789449297
1000;99.9;13.877554892491803
1001;99.9;13.877554892491803
1002;99.9;13.877554892491803
1003;99.9;13.877554892491803
1004;100.9;13.877554892491803
1005;99.9;13.877554892491803
1006;99.9;13.877554892491803
1007;99.9;13.877554892491803
1008;99.9;13.877554892491803
1009;99.9;13.877554892491803
1010;100.9;13.877554892491803
1011;99.9;13.877554892491803
1012;99.9;13.877554892491803
1013;99.9;13.877554892491803
1014;99.9;13.877554892491803
1015;99.9;13.877554892491803
1016;99.9;13.877554892491803
1017;99.9;13.877554892491803
1018;99.9;13.877554892491803
1019;100.9;13.877554892491803
1020;99.9;13.877554892491803
1021;98.9;13.986251413004839
1022;100.9;13.986251413004839
1023;99.9;13.986251413004839
1024;99.9;13.986251413004839
1025;99.9;13.986251413004839
1026;99.9;13.986251413004839
1027;99.9;13.986251413004839
1028;99.9;13.986251413004839
1029;99.9;13.986251413004839
1030;99.9;13.986251413004839
1031;100.9;13.986251413004839
1032;99.9;13.986251413004839
1033;99.9;13.986251413004839
1034;99.9;13.986251413004839
1035;99.9;13.986251413004839
1036;99.9;13.986251413004839
1037;100.9;13.986251413004839
1038;99.9;13.986251413004839
1039;99.9;13.986251413004839
1040;99.9;13.986251413004839
1041;99.9;13.986251413004839
1042;100.9;13.986251413004839
1043;99.9;14.091702516047341
1044;99.9;14.091702516047341
1045;99.9;14.091702516047341
1046;99.9;14.091702516047341
1047;99.9;14.091702516047341
1048;99.9;14.091702516047341
1049;100.9;14.091702516047341
1050;99.9;14.091702516047341
1051;99.9;14.091702516047341
1052;99.9;14.091702516047341
1053;99.9;14.091702516047341
1054;99.9;14.091702516047341
1055;100.9;14.091702516047341
1056;99.9;14.091702516047341
1057;99.9;14.091702516047341
1058;99.9;14.091702516047341
1059;99.9;14.091702516047341
1060;99.9;14.091702516047341
1061;100.9;14.091702516047341
1062;99.9;14.091702516047341
1063;99.9;14.091702516047341
1064;99.9;14.305900069102428
1065;99.9;14.424532560025243
1066;99.9;14.424532560025243
1067;99.9;14.424532560025243
1068;99.9;14.424532560025243
1069;99.9;14.424532560025243
1070;99.9;14.424532560025243
1071;99.9;14.424532560025243
1072;99.9;14.424532560025243
1073;99.9;14.424532560025243
1074;100.9;14.424532560025243
1075;99.9;14.424532560025243
1076;99.9;14.424532560025243
1077;99.9;14.424532560025243
1078;99.9;14.424532560025243
1079;99.9;14.424532560025243
1080;99.9;14.424532560025243
1081;100.9;14.424532560025243
1082;99.9;14.424532560025243
1083;100.0;14.424532560025243
1084;99.9;14.424532560025243
1085;99.9;14.424532560025243
1086;100.9;14.424532560025243
1087;99.9;14.424532560025243
1088;99.9;14.424532560025243
1089;99.9;14.424532560025243
1090;99.9;14.424532560025243
1091;99.9;14.424532560025243
1092;100.9;14.424532560025243
1093;99.9;14.424532560025243
1094;99.9;14.424532560025243
1095;99.9;14.424532560025243
1096;99.9;14.424532560025243
1097;99.9;14.424532560025243
1098;99.9;14.424532560025243
1099;99.9;14.424532560025243
1100;99.9;14.424532560025243
1101;99.9;14.424532560025243
1102;99.9;14.424532560025243
1103;99.9;14.424532560025243
1104;100.9;14.424532560025243
1105;99.9;14.424532560025243
1106;99.9;14.424532560025243
1107;99.9;14.424532560025243
1108;99.9;14.424532560025243
1109;99.9;14.424532560025243
1110;100.9;14.424532560025243
1111;99.9;14.533129221539188
1112;99.9;14.533129221539188
1113;100.9;14.533129221539188
1114;99.9;14.533129221539188
1115;99.9;14.533129221539188
1116;99.9;14.533129221539188
1117;99.9;14.533129221539188
1118;99.9;14.533129221539188
1119;99.9;14.533129221539188
1120;99.9;14.533129221539188
1121;99.9;14.533129221539188
1122;99.9;14.533129221539188
1123;100.9;14.533129221539188
1124;99.9;14.533129221539188
1125;99.9;14.533129221539188
1126;99.9;14.533129221539188
1127;99.9;14.533129221539188
1128;100.9;14.533129221539188
1129;99.9;14.533129221539188
1130;99.9;14.533129221539188
1131;99.9;14.533129221539188
1132;99.9;14.533129221539188
1133;99.9;14.533129221539188
1134;99.8;14.63858032458169
1135;99.9;14.63858032458169
1136;99.9;14.63858032458169
1137;100.9;14.63858032458169
1138;99.9;14.63858032458169
1139;99.9;14.63858032458169
1140;99.9;14.63858032458169
1141;99.9;14.63858032458169
1142;99.9;14.63858032458169
1143;99.9;14.63858032458169
1144;99.9;14.63858032458169
1145;99.9;14.63858032458169
1146;100.9;14.63858032458169
1147;99.9;14.63858032458169
1148;99.9;14.63858032458169
1149;99.9;14.63858032458169
1150;99.9;14.63858032458169
1151;99.9;14.63858032458169
1152;100.9;14.63858032458169
1153;99.9;14.63858032458169
1154;99.9;14.63858032458169
1155;99.9;14.63858032458169
1156;99.9;14.852777877636777
1157;99.9;14.971410368559592
1158;100.9;14.971410368559592
1159;99.9;14.971410368559592
1160;99.9;14.971410368559592
1161;99.9;14.971410368559592
1162;99.9;14.971410368559592
1163;99.9;14.971410368559592
1164;99.9;14.971410368559592
1165;99.9;14.971410368559592
1166;99.9;14.971410368559592
1167;99.9;14.971410368559592
1168;100.9;14.971410368559592
1169;99.9;14.971410368559592
1170;99.9;14.971410368559592
1171;99.9;14.971410368559592
1172;99.9;14.971410368559592
1173;99.9;14.971410368559592
1174;100.9;14.971410368559592
1175;99.9;14.971410368559592
1176;99.9;14.971410368559592
1177;99.9;14.971410368559592
1178;99.9;14.971410368559592
1179;99.8;14.971410368559592
1180;100.9;14.971410368559592
1181;98.9;14.971410368559592
1182;99.9;14.971410368559592
1183;100.9;14.971410368559592
1184;99.9;14.971410368559592
1185;99.9;14.971410368559592
1186;99.9;14.971410368559592
1187;99.9;14.971410368559592
1188;99.9;14.971410368559592
1189;100.0;14.971410368559592
1190;99.9;14.971410368559592
1191;99.9;14.971410368559592
1192;100.9;14.971410368559592
1193;99.9;14.971410368559592
1194;99.9;14.971410368559592
1195;99.9;14.971410368559592
1196;99.9;14.971410368559592
1197;99.9;14.971410368559592
1198;100.9;14.971410368559592
1199;99.9;14.971410368559592
1200;99.9;14.971410368559592
1201;99.9;14.971410368559592
1202;99.9;14.971410368559592
1203;99.9;14.971410368559592
1204;99.9;14.971410368559592
1205;99.9;15.080007030073537
1206;99.9;15.080007030073537
1207;99.9;15.080007030073537
1208;99.9;15.080007030073537
1209;99.9;15.080007030073537
1210;100.9;15.080007030073537
1211;99.9;15.080007030073537
1212;99.9;15.080007030073537
1213;99.9;15.080007030073537
1214;99.9;15.080007030073537
1215;99.9;15.080007030073537
1216;100.9;15.080007030073537
1217;99.9;15.080007030073537
1218;99.9;15.080007030073537
1219;99.9;15.080007030073537
1220;99.9;15.080007030073537
1221;99.9;15.080007030073537
1222;99.9;15.080007030073537
1223;99.9;15.080007030073537
1224;99.9;15.080007030073537
1225;100.9;15.080007030073537
1226;99.9;15.080007030073537
1227;99.9;15.080007030073537
1228;99.9;15.363406869500265
1229;100.8;15.482039360423084
1230;99.9;15.482039360423084
1231;99.9;15.482039360423084
1232;99.9;15.482039360423084
1233;99.9;15.482039360423084
1234;100.9;15.482039360423084
1235;99.9;15.482039360423084
1236;99.9;15.482039360423084
1237;99.9;15.482039360423084
1238;99.9;15.482039360423084
1239;99.9;15.482039360423084
1240;100.9;15.482039360423084
1241;99.9;15.482039360423084
1242;99.9;15.482039360423084
1243;99.9;15.482039360423084
1244;99.9;15.482039360423084
1245;99.9;15.482039360423084
1246;99.9;15.482039360423084
1247;99.9;15.482039360423084
1248;99.9;15.482039360423084
1249;100.9;15.482039360423084
1250;99.9;15.482039360423084
1251;99.9;15.482039360423084
1252;99.9;15.482039360423084
1253;99.9;15.482039360423084
1254;99.9;15.482039360423084
1255;99.9;15.482039360423084
1256;99.9;15.482039360423084
1257;99.9;15.482039360423084
1258;100.9;15.482039360423084
1259;99.9;15.482039360423084
1260;99.9;15.482039360423084
1261;99.9;15.482039360423084
1262;99.9;15.482039360423084
1263;99.9;15.482039360423084
1264;99.9;15.482039360423084
1265;99.9;15.482039360423084
1266;99.9;15.482039360423084
1267;100.9;15.482039360423084
1268;99.9;15.482039360423084
1269;99.9;15.482039360423084
1270;99.9;15.482039360423084
1271;99.9;15.482039360423084
1272;99.9;15.482039360423084
1273;100.9;15.482039360423084
1274;99.9;15.482039360423084
1275;99.9;15.482039360423084
1276;99.9;15.482039360423084
1277;99.9;15.482039360423084
1278;99.9;15.482039360423084
1279;99.9;15.482039360423084
1280;99.9;15.482039360423084
1281;99.9;15.482039360423084
1282;100.9;15.482039360423084
1283;99.9;15.482039360423084
1284;99.9;15.482039360423084
1285;99.9;15.482039360423084
1286;99.9;15.482039360423084
1287;99.9;15.482039360423084
1288;100.9;15.482039360423084
1289;99.9;15.482039360423084
1290;99.9;15.482039360423084
1291;99.9;15.482039360423084
1292;99.9;15.482039360423084
1293;99.9;15.482039360423084
1294;99.9;15.482039360423084
1295;99.9;15.482039360423084
1296;99.9;15.482039360423084
1297;100.9;15.482039360423084
1298;99.9;15.482039360423084
1299;99.9;15.482039360423084
1300;99.9;15.482039360423084
1301;99.9;15.482039360423084
1302;99.9;15.590436303938837
1303;100.9;15.590436303938837
1304;99.9;15.590436303938837
1305;99.9;15.590436303938837
1306;99.9;15.590436303938837
1307;99.9;15.590436303938837
1308;99.9;15.590436303938837
1309;99.9;15.590436303938837
1310;99.9;15.590436303938837
1311;99.9;15.590436303938837
1312;100.9;15.590436303938837
1313;99.9;15.590436303938837
1314;99.9;15.590436303938837
1315;99.9;15.590436303938837
1316;99.9;15.590436303938837
1317;99.9;15.590436303938837
1318;100.9;15.590436303938837
1319;99.9;15.590436303938837
1320;99.9;15.590436303938837
1321;99.9;15.590436303938837
1322;99.9;15.590436303938837
1323;99.9;15.590436303938837
1324;99.9;15.590436303938837
1325;99.9;15.590436303938837
1326;99.9;15.590436303938837
1327;100.9;15.695887406981344
1328;99.9;15.695887406981344
1329;99.9;15.695887406981344
1330;99.9;15.695887406981344
1331;99.9;15.695887406981344
1332;99.9;15.695887406981344
1333;100.9;15.695887406981344
1334;99.9;15.695887406981344
1335;99.9;15.695887406981344
1336;99.9;15.695887406981344
1337;99.9;15.695887406981344
1338;99.9;15.695887406981344
1339;100.9;15.695887406981344
1340;99.9;15.695887406981344
1341;99.9;15.695887406981344
1342;99.9;15.695887406981344
1343;99.9;15.695887406981344
1344;99.9;15.695887406981344
1345;99.9;15.695887406981344
1346;99.9;15.695887406981344
1347;99.9;15.695887406981344
1348;100.9;15.695887406981344
1349;99.9;15.695887406981344
1350;99.9;15.695887406981344
1351;98.9;15.804633856993924
1352;99.9;15.804633856993924
1353;99.9;15.804633856993924
1354;100.9;15.804633856993924
1355;99.9;15.804633856993924
1356;99.9;15.804633856993924
1357;100.9;15.804633856993924
1358;99.9;15.804633856993924
1359;99.9;15.804633856993924
1360;99.9;15.804633856993924
1361;99.9;15.804633856993924
1362;99.9;15.804633856993924
1363;100.9;15.804633856993924
1364;99.9;15.804633856993924
1365;99.9;15.804633856993924
1366;99.9;15.804633856993924
1367;99.9;15.804633856993924
1368;99.9;15.804633856993924
1369;99.9;15.804633856993924
1370;99.9;15.804633856993924
1371;99.9;15.804633856993924
1372;100.9;15.804633856993924
1373;99.9;15.804633856993924
1374;99.9;15.804633856993924
1375;99.9;15.804633856993924
1376;99.9;16.137463900971827
1377;99.9;16.137463900971827
1378;100.9;16.137463900971827
1379;99.9;16.137463900971827
1380;99.9;16.137463900971827
1381;99.9;16.137463900971827
1382;99.9;16.137463900971827
1383;99.9;16.137463900971827
1384;100.9;16.137463900971827
1385;99.9;16.137463900971827
1386;99.9;16.137463900971827
1387;99.9;16.137463900971827
1388;99.9;16.137463900971827
1389;99.9;16.137463900971827
1390;99.9;16.137463900971827
1391;99.9;16.137463900971827
1392;99.9;16.137463900971827
1393;100.9;16.137463900971827
1394;99.9;16.137463900971827
1395;99.9;16.137463900971827
1396;99.9;16.137463900971827
1397;99.9;16.137463900971827
1398;99.9;16.137463900971827
1399;100.9;16.137463900971827
1400;99.9;16.137463900971827
1401;99.9;16.137463900971827
1402;99.9;16.137463900971827
1403;99.9;16.137463900971827
1404;99.9;16.137463900971827
1405;99.9;16.137463900971827
1406;99.9;16.137463900971827
1407;99.9;16.137463900971827
1408;100.9;16.137463900971827
1409;99.9;16.137463900971827
1410;99.9;16.137463900971827
1411;99.9;16.137463900971827
1412;99.9;16.137463900971827
1413;99.9;16.137463900971827
1414;100.9;16.137463900971827
1415;99.9;16.137463900971827
1416;99.9;16.137463900971827
1417;99.9;16.137463900971827
1418;99.9;16.137463900971827
1419;99.9;16.137463900971827
1420;99.9;16.137463900971827
1421;99.9;16.137463900971827
1422;99.9;16.137463900971827
1423;100.9;16.137463900971827
1424;99.9;16.137463900971827
1425;99.9;16.137463900971827
1426;99.9;16.137463900971827
1427;99.9;16.137463900971827
1428;99.9;16.351611524527367
1429;99.9;16.469395213957892
1430;99.9;16.469395213957892
1431;99.9;16.469395213957892
1432;99.9;16.469395213957892
1433;99.9;16.469395213957892
1434;99.9;16.469395213957892
1435;100.9;16.469395213957892
1436;99.9;16.469395213957892
1437;99.9;16.469395213957892
1438;99.9;16.469395213957892
1439;99.9;16.469395213957892
1440;99.9;16.469395213957892
1441;99.9;16.469395213957892
1442;99.9;16.469395213957892
1443;99.9;16.469395213957892
1444;100.9;16.469395213957892
1445;99.9;16.469395213957892
1446;99.9;16.469395213957892
1447;99.9;16.469395213957892
1448;99.9;16.469395213957892
1449;99.9;16.469395213957892
1450;100.9;16.469395213957892
1451;99.9;16.469395213957892
1452;99.9;16.469395213957892
1453;99.9;16.469395213957892
1454;99.9;16.469395213957892
1455;99.9;16.469395213957892
1456;99.9;16.469395213957892
1457;99.9;16.469395213957892
1458;99.9;16.469395213957892
1459;100.9;16.469395213957892
1460;99.9;16.469395213957892
1461;99.9;16.469395213957892
1462;100.9;16.469395213957892
1463;99.9;16.469395213957892
1464;99.9;16.469395213957892
1465;99.9;16.469395213957892
1466;99.9;16.469395213957892
1467;99.9;16.469395213957892
1468;100.9;16.469395213957892
1469;99.9;16.469395213957892
1470;99.9;16.469395213957892
1471;99.9;16.469395213957892
1472;99.9;16.469395213957892
1473;99.9;16.469395213957892
1474;99.9;16.469395213957892
1475;99.9;16.469395213957892
1476;99.9;16.469395213957892
1477;99.9;16.469395213957892
1478;100.9;16.469395213957892
1479;99.9;16.469395213957892
1480;99.9;16.469395213957892
1481;99.9;16.469395213957892
1482;99.9;16.469395213957892
1483;99.9;16.578091734470927
1484;99.9;16.578091734470927
1485;99.9;16.578091734470927
1486;100.9;16.578091734470927
1487;99.9;16.578091734470927
1488;99.9;16.578091734470927
1489;99.9;16.578091734470927
1490;99.9;16.578091734470927
1491;99.9;16.578091734470927
1492;100.9;16.578091734470927
1493;99.9;16.578091734470927
1494;99.9;16.578091734470927
1495;99.9;16.578091734470927
1496;99.9;16.578091734470927
1497;99.9;16.578091734470927
1498;99.9;16.578091734470927
1499;99.9;16.578091734470927
1500;99.9;16.578091734470927
1501;100.9;16.578091734470927
1502;99.9;16.578091734470927
1503;99.9;16.578091734470927
1504;99.9;16.578091734470927
1505;99.9;16.578091734470927
1506;99.9;16.578091734470927
1507;99.9;16.578091734470927
1508;99.9;16.578091734470927
1509;99.9;16.683542837513432
1510;99.9;16.683542837513432
1511;99.9;16.683542837513432
1512;99.9;16.683542837513432
1513;100.9;16.683542837513432
1514;99.9;16.683542837513432
1515;99.9;16.683542837513432
1516;99.9;16.683542837513432
1517;99.9;16.683542837513432
1518;99.9;16.683542837513432
1519;99.9;16.683542837513432
1520;99.9;16.683542837513432
1521;99.9;16.683542837513432
1522;100.9;16.683542837513432
1523;99.9;16.683542837513432
1524;99.9;16.683542837513432
1525;100.9;16.683542837513432
1526;99.9;16.683542837513432
1527;99.9;16.683542837513432
1528;99.9;16.683542837513432
1529;99.9;16.683542837513432
1530;99.9;16.683542837513432
1531;100.9;16.683542837513432
1532;99.9;16.683542837513432
1533;99.9;16.683542837513432
1534;99.9;16.683542837513432
1535;98.9;16.792289287526014
1536;99.9;16.792289287526014
1537;100.9;16.792289287526014
1538;99.9;16.792289287526014
1539;99.9;16.792289287526014
1540;99.9;16.792289287526014
1541;99.9;16.792289287526014
1542;99.9;16.792289287526014
1543;100.9;16.792289287526014
1544;99.9;16.792289287526014
1545;99.9;16.792289287526014
1546;99.9;16.792289287526014
1547;99.9;16.792289287526014
1548;99.9;16.792289287526014
1549;99.9;16.792289287526014
1550;99.9;16.792289287526014
1551;99.9;16.792289287526014
1552;100.9;16.792289287526014
1553;99.9;16.792289287526014
1554;99.9;16.792289287526014
1555;99.9;16.792289287526014
1556;99.9;16.792289287526014
1557;99.9;16.792289287526014
1558;100.9;16.792289287526014
1559;99.9;16.792289287526014
1560;99.9;16.792289287526014
1561;99.9;16.897740390568515
1562;99.9;16.897740390568515
1563;99.9;16.897740390568515
1564;100.9;16.897740390568515
1565;99.9;16.897740390568515
1566;99.9;16.897740390568515
1567;99.9;16.897740390568515
1568;99.9;16.897740390568515
1569;99.9;16.897740390568515
1570;100.9;16.897740390568515
1571;99.9;16.897740390568515
1572;99.9;16.897740390568515
1573;99.9;16.897740390568515
1574;99.9;16.901035737538596
1575;99.9;16.901035737538596
1576;99.9;16.901035737538596
1577;99.9;16.901035737538596
1578;99.9;16.901035737538596
1579;100.9;16.901035737538596
1580;99.9;16.901035737538596
1581;99.9;16.901035737538596
1582;99.9;16.901035737538596
1583;99.9;16.901035737538596
1584;99.9;16.901035737538596
1585;99.9;16.901035737538596
1586;99.9;16.901035737538596
1587;99.9;17.111937943623605
1588;99.9;17.230570434546422
1589;99.9;17.230570434546422
1590;99.9;17.230570434546422
1591;100.9;17.230570434546422
1592;99.9;17.230570434546422
1593;99.9;17.230570434546422
1594;99.9;17.230570434546422
1595;99.9;17.230570434546422
1596;99.9;17.230570434546422
1597;100.9;17.230570434546422
1598;99.9;17.230570434546422
1599;99.9;17.230570434546422
1600;99.9;17.230570434546422
1601;99.9;17.230570434546422
1602;99.9;17.2338657815165
1603;99.9;17.2338657815165
1604;99.9;17.2338657815165
1605;99.9;17.2338657815165
1606;100.9;17.2338657815165
1607;99.9;17.2338657815165
1608;99.9;17.2338657815165
1609;99.9;17.2338657815165
1610;99.9;17.2338657815165
1611;99.9;17.2338657815165
1612;100.9;17.2338657815165
1613;99.9;17.2338657815165
1614;99.9;17.2338657815165
1615;99.9;17.2338657815165
1616;99.9;17.2338657815165
1617;99.9;17.2338657815165
1618;100.9;17.2338657815165
1619;99.9;17.2338657815165
1620;99.9;17.2338657815165
1621;99.9;17.2338657815165
1622;99.9;17.2338657815165
1623;99.9;17.2338657815165
1624;99.9;17.2338657815165
1625;99.9;17.2338657815165
1626;99.9;17.2338657815165
1627;100.9;17.2338657815165
1628;99.9;17.2338657815165
1629;99.9;17.2338657815165
1630;99.9;17.2338657815165
1631;99.9;17.2338657815165
1632;99.9;17.2338657815165
1633;100.9;17.2338657815165
1634;99.9;17.2338657815165
1635;99.9;17.2338657815165
1636;99.9;17.2338657815165
1637;99.9;17.2338657815165
1638;99.9;17.2338657815165
1639;99.9;17.2338657815165
1640;99.9;17.2338657815165
1641;99.9;17.2338657815165
1642;100.9;17.2338657815165
1643;99.9;17.2338657815165
1644;99.9;17.447763757574304
1645;100.9;17.56639624849712
1646;99.9;17.56639624849712
1647;99.8;17.56639624849712
1648;99.9;17.56639624849712
1649;99.9;17.56639624849712
1650;99.9;17.56639624849712
1651;99.9;17.56639624849712
1652;99.9;17.56639624849712
1653;99.9;17.56639624849712
1654;100.9;17.56639624849712
1655;99.9;17.56639624849712
1656;99.9;17.56639624849712
1657;99.9;17.56639624849712
1658;99.9;17.56639624849712
1659;99.9;17.56639624849712
1660;100.9;17.56639624849712
1661;99.9;17.56639624849712
1662;99.9;17.56639624849712
1663;99.9;17.56639624849712
1664;99.9;17.56639624849712
1665;99.9;17.56639624849712
1666;99.9;17.56639624849712
1667;99.9;17.56639624849712
1668;99.9;17.56639624849712
1669;100.9;17.56639624849712
1670;99.9;17.56639624849712
1671;99.9;17.56639624849712
1672;99.9;17.56639624849712
1673;99.9;17.56639624849712
1674;99.9;17.56639624849712
1675;100.9;17.56639624849712
1676;99.9;17.56639624849712
1677;99.9;17.56639624849712
1678;99.9;17.56639624849712
1679;99.9;17.56639624849712
1680;99.9;17.56639624849712
1681;99.9;17.56639624849712
1682;99.9;17.56639624849712
1683;99.9;17.56639624849712
1684;100.9;17.56639624849712
1685;99.9;17.56639624849712
1686;99.9;17.56639624849712
1687;99.9;17.56639624849712
1688;99.9;17.56639624849712
1689;99.9;17.56639624849712
1690;100.9;17.56639624849712
1691;99.9;17.56639624849712
1692;99.9;17.56639624849712
1693;99.9;17.56639624849712
1694;99.9;17.56639624849712
1695;99.9;17.56639624849712
1696;99.9;17.56639624849712
1697;99.9;17.56639624849712
1698;99.9;17.56639624849712
1699;100.9;17.56639624849712
1700;99.9;17.56639624849712
1701;99.9;17.56639624849712
1702;99.9;17.671847351539625
1703;99.9;17.671847351539625
1704;99.9;17.671847351539625
1705;100.9;17.671847351539625
1706;99.9;17.671847351539625
1707;99.9;17.671847351539625
1708;99.9;17.671847351539625
1709;99.9;17.671847351539625
1710;99.9;17.671847351539625
1711;99.9;17.671847351539625
1712;99.9;17.671847351539625
1713;99.9;17.671847351539625
1714;100.9;17.671847351539625
1715;99.9;17.671847351539625
1716;99.9;17.671847351539625
1717;99.9;17.671847351539625
1718;99.9;17.671847351539625
1719;99.9;17.671847351539625
1720;100.9;17.671847351539625
1721;99.9;17.671847351539625
1722;99.9;17.671847351539625
1723;99.9;17.671847351539625
1724;99.9;17.671847351539625
1725;99.9;17.671847351539625
1726;99.9;17.671847351539625
1727;99.9;17.671847351539625
1728;99.9;17.671847351539625
1729;99.9;17.671847351539625
1730;100.9;17.780593801552207
1731;99.9;17.780593801552207
1732;99.9;17.780593801552207
1733;99.9;17.780593801552207
1734;99.9;17.780593801552207
1735;99.9;17.780593801552207
1736;99.9;17.780593801552207
1737;99.9;17.780593801552207
1738;99.9;17.780593801552207
1739;99.9;17.780593801552207
1740;99.9;17.780593801552207
1741;100.9;17.780593801552207
1742;99.9;17.780593801552207
1743;99.9;17.780593801552207
1744;99.9;17.780593801552207
1745;99.9;17.780593801552207
1746;99.9;17.780593801552207
1747;100.9;17.780593801552207
1748;99.9;17.780593801552207
1749;99.9;17.780593801552207
1750;99.9;17.780593801552207
1751;99.9;17.780593801552207
1752;99.9;17.780593801552207
1753;99.9;17.780593801552207
1754;99.9;17.780593801552207
1755;99.9;17.780593801552207
1756;100.9;17.780593801552207
1757;99.9;17.780593801552207
1758;99.9;17.88594504559562
1759;99.9;17.88594504559562
1760;99.9;17.88594504559562
1761;99.9;17.88594504559562
1762;100.9;17.88594504559562
1763;99.9;17.88594504559562
1764;99.9;17.88594504559562
1765;99.9;17.88594504559562
1766;99.9;17.88594504559562
1767;99.9;17.88594504559562
1768;99.9;17.88594504559562
1769;99.9;17.88594504559562
1770;99.9;17.88594504559562
1771;99.9;17.88594504559562
1772;100.9;17.88594504559562
1773;99.9;17.88594504559562
1774;99.9;17.88594504559562
1775;99.9;17.88594504559562
1776;99.9;17.88594504559562
1777;99.9;17.88594504559562
1778;100.9;17.88594504559562
1779;99.9;17.88594504559562
1780;99.9;17.88594504559562
1781;99.9;17.88594504559562
1782;99.9;17.88594504559562
1783;99.9;17.88594504559562
1784;100.0;17.88594504559562
1785;99.9;17.88594504559562
1786;12.0;17.888741097570232
1787;0.0;17.888741097570232
1788;0.0;17.888741097570232
1789;0.0;17.888741097570232
1790;0.0;17.888741097570232
1791;0.0;17.888741097570232
1792;0.0;17.888741097570232
1793;12.0;17.888741097570232